title,author,length,User-Agent
The Shift,Tinx,Length: 5 hrs and 17 mins,"Mozilla/5.0 (Windows NT 10.0; Win64; x64) AppleWebKit/537.36 (KHTML, like Gecko) Chrome/113.0.0.0 Safari/537.36"
Clue Krewe,Jana DeLeon,Length: 10 hrs and 1 min,"Mozilla/5.0 (Windows NT 10.0; Win64; x64) AppleWebKit/537.36 (KHTML, like Gecko) Chrome/113.0.0.0 Safari/537.36"
Identity,Nora Roberts,Length: 15 hrs and 4 mins,"Mozilla/5.0 (Windows NT 10.0; Win64; x64) AppleWebKit/537.36 (KHTML, like Gecko) Chrome/113.0.0.0 Safari/537.36"
Shattersoul,Kyle Kirrin,Length: 20 hrs and 15 mins,"Mozilla/5.0 (Windows NT 10.0; Win64; x64) AppleWebKit/537.36 (KHTML, like Gecko) Chrome/113.0.0.0 Safari/537.36"
Savannah,SunriseCV,Length: 14 hrs and 31 mins,"Mozilla/5.0 (Windows NT 10.0; Win64; x64) AppleWebKit/537.36 (KHTML, like Gecko) Chrome/113.0.0.0 Safari/537.36"
Waybound,Will Wight,Length: 16 hrs and 13 mins,"Mozilla/5.0 (Windows NT 10.0; Win64; x64) AppleWebKit/537.36 (KHTML, like Gecko) Chrome/113.0.0.0 Safari/537.36"
Aster Fall,David North,Length: 20 hrs and 22 mins,"Mozilla/5.0 (Windows NT 10.0; Win64; x64) AppleWebKit/537.36 (KHTML, like Gecko) Chrome/113.0.0.0 Safari/537.36"
Ward D,Freida McFadden,Length: 7 hrs and 20 mins,"Mozilla/5.0 (Windows NT 10.0; Win64; x64) AppleWebKit/537.36 (KHTML, like Gecko) Chrome/113.0.0.0 Safari/537.36"
The Lion: Son of the Forest,Mike Brooks,Length: 12 hrs and 15 mins,"Mozilla/5.0 (Windows NT 10.0; Win64; x64) AppleWebKit/537.36 (KHTML, like Gecko) Chrome/113.0.0.0 Safari/537.36"
The Running Grave,Robert Galbraith,Length: 27 hrs,"Mozilla/5.0 (Windows NT 10.0; Win64; x64) AppleWebKit/537.36 (KHTML, like Gecko) Chrome/113.0.0.0 Safari/537.36"
The One That Got Away,JD Kirk,Length: 12 hrs and 13 mins,"Mozilla/5.0 (Windows NT 10.0; Win64; x64) AppleWebKit/537.36 (KHTML, like Gecko) Chrome/113.0.0.0 Safari/537.36"
The Gift,Sebastian Fitzek,Length: 7 hrs and 8 mins,"Mozilla/5.0 (Windows NT 10.0; Win64; x64) AppleWebKit/537.36 (KHTML, like Gecko) Chrome/113.0.0.0 Safari/537.36"
The Alien Anomaly,Amanda M. Lee,Length: 8 hrs and 52 mins,"Mozilla/5.0 (Windows NT 10.0; Win64; x64) AppleWebKit/537.36 (KHTML, like Gecko) Chrome/113.0.0.0 Safari/537.36"
Tom Clancy Flash Point,Don Bentley,Length: 11 hrs and 33 mins,"Mozilla/5.0 (Windows NT 10.0; Win64; x64) AppleWebKit/537.36 (KHTML, like Gecko) Chrome/113.0.0.0 Safari/537.36"
Homeworld Lost,"J.N. Chaney,Scott Moon",Length: 11 hrs and 30 mins,"Mozilla/5.0 (Windows NT 10.0; Win64; x64) AppleWebKit/537.36 (KHTML, like Gecko) Chrome/113.0.0.0 Safari/537.36"
Special Kind of Twisted,Lani Lynn Vale,Length: 6 hrs and 15 mins,"Mozilla/5.0 (Windows NT 10.0; Win64; x64) AppleWebKit/537.36 (KHTML, like Gecko) Chrome/113.0.0.0 Safari/537.36"
The Ritual,Shantel Tessier,Length: 16 hrs and 46 mins,"Mozilla/5.0 (Windows NT 10.0; Win64; x64) AppleWebKit/537.36 (KHTML, like Gecko) Chrome/113.0.0.0 Safari/537.36"
Elon Musk,Walter Isaacson,Length: 22 hrs,"Mozilla/5.0 (Windows NT 10.0; Win64; x64) AppleWebKit/537.36 (KHTML, like Gecko) Chrome/113.0.0.0 Safari/537.36"
Under the Stars,Laura Pavlov,Length: 9 hrs and 14 mins,"Mozilla/5.0 (Windows NT 10.0; Win64; x64) AppleWebKit/537.36 (KHTML, like Gecko) Chrome/113.0.0.0 Safari/537.36"
Glamoured,Jaymin Eve,Length: 9 hrs and 48 mins,"Mozilla/5.0 (Windows NT 10.0; Win64; x64) AppleWebKit/537.36 (KHTML, like Gecko) Chrome/113.0.0.0 Safari/537.36"
Deadly Fate,Angela Marsons,Length: 8 hrs and 14 mins,Scrapy/2.9.0 (+https://scrapy.org)
The Silmarillion,"J. R. R. Tolkien,Christopher Tolkien",Length: 19 hrs and 24 mins,Scrapy/2.9.0 (+https://scrapy.org)
The Delphi Murders,"Nic Edwards,Brian Whitney",Length: 6 hrs and 48 mins,Scrapy/2.9.0 (+https://scrapy.org)
Accidental Attachment,Max Monroe,Length: 13 hrs and 3 mins,Scrapy/2.9.0 (+https://scrapy.org)
Terms and Conditions,Lauren Asher,Length: 13 hrs and 12 mins,Scrapy/2.9.0 (+https://scrapy.org)
Runaway Love,Melanie Harlow,Length: 8 hrs and 56 mins,Scrapy/2.9.0 (+https://scrapy.org)
Emerita Boxing Day,Daniel Schinhofen,Length: 13 hrs and 4 mins,Scrapy/2.9.0 (+https://scrapy.org)
Apocalypse Redux: Book Three,Jakob H. Greif,Length: 15 hrs and 48 mins,Scrapy/2.9.0 (+https://scrapy.org)
False Truth,Helena Marchmont,Length: 2 hrs and 56 mins,Scrapy/2.9.0 (+https://scrapy.org)
Dressed to Drill,Kate Carlisle,Length: 10 hrs and 10 mins,Scrapy/2.9.0 (+https://scrapy.org)
The Primal Hunter 5,Zogarth,Length: 17 hrs and 47 mins,Scrapy/2.9.0 (+https://scrapy.org)
The Senator's Wife,Liv Constantine,Length: 9 hrs and 7 mins,Scrapy/2.9.0 (+https://scrapy.org)
Light Bringer,Pierce Brown,Length: 13 hrs and 15 mins,Scrapy/2.9.0 (+https://scrapy.org)
Revealed,D.I. Freed,Length: 28 hrs and 37 mins,Scrapy/2.9.0 (+https://scrapy.org)
Strength Unleashed: Startup,Ajax Lygan,Length: 14 hrs and 4 mins,Scrapy/2.9.0 (+https://scrapy.org)
Rogue Justice,Stacey Abrams,Length: 12 hrs and 32 mins,Scrapy/2.9.0 (+https://scrapy.org)
The Book of Charlie,David Von Drehle,Length: 7 hrs,Scrapy/2.9.0 (+https://scrapy.org)
Gauntlet,John G. Doyle,Length: 6 hrs and 56 mins,Scrapy/2.9.0 (+https://scrapy.org)
On Our Best Behavior,Elise Loehnen,Length: 11 hrs and 54 mins,Scrapy/2.9.0 (+https://scrapy.org)
Manhood,Josh Hawley,Length: 6 hrs and 58 mins,Scrapy/2.9.0 (+https://scrapy.org)
Mile High,Liz Tomforde,Length: 16 hrs and 48 mins,Scrapy/2.9.0 (+https://scrapy.org)
Defiant,Michael R. Miller,Length: 26 hrs and 30 mins,Scrapy/2.9.0 (+https://scrapy.org)
"One Nation Under Blackmail, Vol. 1",Whitney Alyse Webb,Length: 18 hrs and 16 mins,Scrapy/2.9.0 (+https://scrapy.org)
To Flail Against Infinity,J. P. Valentine,Length: 14 hrs and 31 mins,Scrapy/2.9.0 (+https://scrapy.org)
The Greatness Mindset,Lewis Howes,Length: 9 hrs and 7 mins,Scrapy/2.9.0 (+https://scrapy.org)
The Will of the Many,James Islington,Length: 28 hrs and 14 mins,Scrapy/2.9.0 (+https://scrapy.org)
From the World of Percy Jackson: Sun and the Star,"Rick Riordan,Mark Oshiro",Length: 13 hrs and 30 mins,Scrapy/2.9.0 (+https://scrapy.org)
Esrahaddon,Michael J. Sullivan,Length: Not Yet Known,Scrapy/2.9.0 (+https://scrapy.org)
Boundless Parenting,Ben Greenfield,Length: 28 hrs and 33 mins,Scrapy/2.9.0 (+https://scrapy.org)
The Celebrants,Steven Rowley,Length: 9 hrs and 43 mins,Scrapy/2.9.0 (+https://scrapy.org)
Succubus Summoner,"Virgil Knightley,Annabelle Hawthorne",Length: 7 hrs and 57 mins,Scrapy/2.9.0 (+https://scrapy.org)
Korra Is Live,Chukwufumnaya Anita Obidi,Length: 2 hrs and 21 mins,Scrapy/2.9.0 (+https://scrapy.org)
House of Pounding Hearts,Olivia Wildenstein,Length: 13 hrs and 52 mins,Scrapy/2.9.0 (+https://scrapy.org)
Close Her Eyes,Lisa Regan,Length: 12 hrs and 2 mins,Scrapy/2.9.0 (+https://scrapy.org)
Blightslayer,Richard Strachan,Length: 9 hrs and 3 mins,Scrapy/2.9.0 (+https://scrapy.org)
Unexpected Bliss,"Lexi Blake,Sophie Oak",Length: 14 hrs and 3 mins,Scrapy/2.9.0 (+https://scrapy.org)
The In-Between,Hadley Vlahos R.N.,Length: 7 hrs and 19 mins,Scrapy/2.9.0 (+https://scrapy.org)
Apocrypha,Stephen De Young,Length: 8 hrs and 27 mins,Scrapy/2.9.0 (+https://scrapy.org)
Technology Specs Book,Ricardo Navarrete Mendez,Length: 2 hrs and 21 mins,Scrapy/2.9.0 (+https://scrapy.org)
Technology Book Trend,Lumumba Shabazz,Length: 1 hr and 35 mins,Scrapy/2.9.0 (+https://scrapy.org)
From the Grave,Kresley Cole,Length: 11 hrs and 54 mins,Scrapy/2.9.0 (+https://scrapy.org)
Offside Hearts,Nikki Lawson,Length: 13 hrs and 27 mins,Scrapy/2.9.0 (+https://scrapy.org)
Childrens Understanding and Absorb Quickly,Jaime Torres,Length: 49 mins,Scrapy/2.9.0 (+https://scrapy.org)
Rise of the Weakest Summoner: Volume IV,J. R. Saileri,Length: 14 hrs and 1 min,Scrapy/2.9.0 (+https://scrapy.org)
Awaken Your Multidimensional Soul,"Lee Harris,Dianna Edwards",Length: 6 hrs and 5 mins,Scrapy/2.9.0 (+https://scrapy.org)
Is There a Narcissist in Your Life?,Amanda Clymont,Length: 3 hrs and 3 mins,Scrapy/2.9.0 (+https://scrapy.org)
Dr. Perfect,Louise Bay,Length: 7 hrs and 45 mins,Scrapy/2.9.0 (+https://scrapy.org)
One and Only,Karla Sorensen,Length: 8 hrs and 53 mins,Scrapy/2.9.0 (+https://scrapy.org)
By a Silver Thread,Rachel Aaron,Length: 11 hrs and 47 mins,Scrapy/2.9.0 (+https://scrapy.org)
Heal Thyself for Health and Longevity,Queen Afua,Length: 8 hrs and 17 mins,Scrapy/2.9.0 (+https://scrapy.org)
Poltergeist Rider,Lily Harper Hart,Length: 6 hrs and 41 mins,Scrapy/2.9.0 (+https://scrapy.org)
The Olympian Affair,Jim Butcher,Length: 21 hrs and 30 mins,Scrapy/2.9.0 (+https://scrapy.org)
Little Lost Dolls,M.M. Chouinard,Length: 10 hrs and 5 mins,Scrapy/2.9.0 (+https://scrapy.org)
The Power of Trees,"Peter Wohlleben,Jane Billinghurst",Length: 7 hrs and 58 mins,Scrapy/2.9.0 (+https://scrapy.org)
The Wedding Day,Sue Watson,Length: 10 hrs and 37 mins,Scrapy/2.9.0 (+https://scrapy.org)
Counter Attack,Patricia Bradley,Length: 10 hrs and 43 mins,Scrapy/2.9.0 (+https://scrapy.org)
The Books of Ezekiel and Daniel: Visions of Glory,Simmons Brian,Length: 5 hrs and 47 mins,Scrapy/2.9.0 (+https://scrapy.org)
Creed,Kris Michaels,Length: 10 hrs and 46 mins,Scrapy/2.9.0 (+https://scrapy.org)
Primeiro Milhão [First Million],Raiam Santos,Length: 2 hrs and 47 mins,Scrapy/2.9.0 (+https://scrapy.org)
10x Is Easier than 2x,"Dan Sullivan,Dr. Benjamin Hardy",Length: 9 hrs and 58 mins,Scrapy/2.9.0 (+https://scrapy.org)
Murder at the Beauty Pageant,Helena Dixon,Length: 7 hrs and 16 mins,Scrapy/2.9.0 (+https://scrapy.org)
System Collapse,Martha Wells,Length: 6 hrs and 45 mins,Scrapy/2.9.0 (+https://scrapy.org)
The Russo-Ukrainian War,Serhii Plokhy,Length: 11 hrs,Scrapy/2.9.0 (+https://scrapy.org)
The Pope’s Exorcist,Sophia Institute Press,Length: 1 hr and 46 mins,Scrapy/2.9.0 (+https://scrapy.org)
Dirty Crazy Bad,Siobhan Davis,Length: 15 hrs and 25 mins,Scrapy/2.9.0 (+https://scrapy.org)
False Start,"Neve Wilder,Riley Hart",Length: 6 hrs and 49 mins,Scrapy/2.9.0 (+https://scrapy.org)
How to Do Magic That Works,Genevieve Davis,Length: 2 hrs and 22 mins,Scrapy/2.9.0 (+https://scrapy.org)
Until I Get You,Claire Contreras,Length: 15 hrs and 12 mins,Scrapy/2.9.0 (+https://scrapy.org)
The 16 Undeniable Laws of Communication,John Maxwell,Length: 8 hrs and 57 mins,Scrapy/2.9.0 (+https://scrapy.org)
The Accidental Contract,Kos Play,Length: 16 hrs and 18 mins,Scrapy/2.9.0 (+https://scrapy.org)
Barred Desires,Ashley James,Length: 6 hrs and 30 mins,Scrapy/2.9.0 (+https://scrapy.org)
The Poisoner's Ring,Kelley Armstrong,Length: 14 hrs and 52 mins,Scrapy/2.9.0 (+https://scrapy.org)
Those Bastards,Jared Dillian,Length: 10 hrs and 10 mins,Scrapy/2.9.0 (+https://scrapy.org)
Cherry Picked,May Archer,Length: 9 hrs and 32 mins,Scrapy/2.9.0 (+https://scrapy.org)
Azarinth Healer: Book Two,Rhaegar,Length: 19 hrs and 22 mins,Scrapy/2.9.0 (+https://scrapy.org)
Passive Prospecting,"Levi Lascsak,Travis Plumb",Length: 3 hrs and 44 mins,Scrapy/2.9.0 (+https://scrapy.org)
Tell-Tale Bones,Carolyn Haines,Length: 10 hrs and 55 mins,Scrapy/2.9.0 (+https://scrapy.org)
Resist,Ava Harrison,Length: 10 hrs and 13 mins,Scrapy/2.9.0 (+https://scrapy.org)
Automate Your Busywork,Aytekin Tank,Length: 6 hrs and 15 mins,Scrapy/2.9.0 (+https://scrapy.org)
The Complete Poppy War Trilogy,R. F. Kuang,Length: 66 hrs and 29 mins,Scrapy/2.9.0 (+https://scrapy.org)
Reading Price Charts Bar by Bar,Al Brooks,Length: 14 hrs and 38 mins,Scrapy/2.9.0 (+https://scrapy.org)
ARkStorm,Bobby Akart,Length: 7 hrs and 29 mins,Scrapy/2.9.0 (+https://scrapy.org)
Of Shadow and Moonlight,Luna Laurier,Length: 13 hrs,Scrapy/2.9.0 (+https://scrapy.org)
Uzi in the Urn,Dale Mayer,Length: 6 hrs,Scrapy/2.9.0 (+https://scrapy.org)
Bad Summer People,Emma Rosenblum,Length: 9 hrs and 23 mins,Scrapy/2.9.0 (+https://scrapy.org)
The Greatest Song,Kevin Griffin,Length: 5 hrs and 7 mins,Scrapy/2.9.0 (+https://scrapy.org)
Strung,Per Jacobsen,Length: 5 hrs and 4 mins,Scrapy/2.9.0 (+https://scrapy.org)
State of Denial,Marie Force,Length: 9 hrs and 30 mins,Scrapy/2.9.0 (+https://scrapy.org)
Why Women Deserve Less,Myron Gaines,Length: 2 hrs and 3 mins,Scrapy/2.9.0 (+https://scrapy.org)
Cherish,Tracy Wolff,Length: 17 hrs and 25 mins,Scrapy/2.9.0 (+https://scrapy.org)
Chasing Love,Kat T. Masen,Length: 13 hrs and 17 mins,Scrapy/2.9.0 (+https://scrapy.org)
Dark Healing Blind Justice,I. T. Lucas,Length: 8 hrs and 39 mins,Scrapy/2.9.0 (+https://scrapy.org)
Do You Believe?,Paul David Tripp,Length: 20 hrs and 1 min,Scrapy/2.9.0 (+https://scrapy.org)
Final Day,Richard D. Wiles,Length: 14 hrs and 28 mins,Scrapy/2.9.0 (+https://scrapy.org)
On His Majesty's Secret Service,Charlie Higson,Length: 4 hrs and 25 mins,Scrapy/2.9.0 (+https://scrapy.org)
The Strangest Forms,Gregory Ashe,Length: 11 hrs and 30 mins,Scrapy/2.9.0 (+https://scrapy.org)
The Gambler's Chase,Cap Daniels,Length: 8 hrs and 1 min,Scrapy/2.9.0 (+https://scrapy.org)
Random in Death,J. D. Robb,Length: 10 hrs and 45 mins,Scrapy/2.9.0 (+https://scrapy.org)
The Worst Wedding Date,Pippa Grant,Length: 12 hrs and 40 mins,Scrapy/2.9.0 (+https://scrapy.org)
Meat Eater,Steven Rinella,Length: 7 hrs and 1 min,Scrapy/2.9.0 (+https://scrapy.org)
Shadow Dance,Christine Feehan,Length: 11 hrs and 15 mins,Scrapy/2.9.0 (+https://scrapy.org)
Prince of the Sorrows,Kellen Graves,Length: 13 hrs and 28 mins,Scrapy/2.9.0 (+https://scrapy.org)
Way to the East,Kirill Klevanski,Length: 13 hrs and 41 mins,Scrapy/2.9.0 (+https://scrapy.org)
The Bucket List,Rachel Hanna,Length: 5 hrs and 7 mins,Scrapy/2.9.0 (+https://scrapy.org)
Letter Late than Never,Lauren Connolly,Length: 9 hrs and 20 mins,Scrapy/2.9.0 (+https://scrapy.org)
Contagion,"A. American,Walt Browning",Length: 11 hrs and 37 mins,Scrapy/2.9.0 (+https://scrapy.org)
Coach,Devney Perry,Length: 7 hrs and 57 mins,Scrapy/2.9.0 (+https://scrapy.org)
Meet Me at the Lake,Carley Fortune,Length: 9 hrs and 56 mins,Scrapy/2.9.0 (+https://scrapy.org)
The Five-Star Weekend,Elin Hilderbrand,Length: 12 hrs and 45 mins,Scrapy/2.9.0 (+https://scrapy.org)
A Hypnotist’s Journey from the Trail to the Star People,Sarah Breskman Cosme,Length: 8 hrs and 32 mins,Scrapy/2.9.0 (+https://scrapy.org)
The New World,Monsoon117,Length: 24 hrs and 21 mins,Scrapy/2.9.0 (+https://scrapy.org)
Depp v Heard,Nick Wallis,Length: 11 hrs and 42 mins,Scrapy/2.9.0 (+https://scrapy.org)
How to Save the West,Spencer Klavan,Length: 6 hrs and 33 mins,Scrapy/2.9.0 (+https://scrapy.org)
The One for Me,Rachel Hanna,Length: 3 hrs and 51 mins,Scrapy/2.9.0 (+https://scrapy.org)
Look Up!,Jimmy Evans,Length: 8 hrs and 51 mins,Scrapy/2.9.0 (+https://scrapy.org)
Villain Era,Luna Pierce,Length: 12 hrs and 29 mins,Scrapy/2.9.0 (+https://scrapy.org)
Again,J.L. Seegars,Length: 5 hrs and 6 mins,Scrapy/2.9.0 (+https://scrapy.org)
Dead Fall,Brad Thor,Length: 10 hrs and 30 mins,Scrapy/2.9.0 (+https://scrapy.org)
The Summer We Fell,Elizabeth O'Roark,Length: 9 hrs and 11 mins,Scrapy/2.9.0 (+https://scrapy.org)
Fractal Noise,Christopher Paolini,Length: 9 hrs and 57 mins,Scrapy/2.9.0 (+https://scrapy.org)
Highest Bidder,Sara Cate,Length: 10 hrs and 2 mins,Scrapy/2.9.0 (+https://scrapy.org)
The Gargoyle's Captive,Katee Robert,Length: 6 hrs and 55 mins,Scrapy/2.9.0 (+https://scrapy.org)
The Bound Demon,"Doufu Mayoi,Taishi - translator",Length: 7 hrs and 6 mins,Scrapy/2.9.0 (+https://scrapy.org)
Covert Ops,Traci Hunter Abramson,Length: 7 hrs and 36 mins,Scrapy/2.9.0 (+https://scrapy.org)
Boss Without Benefits,Lili Valente,Length: 5 hrs and 25 mins,Scrapy/2.9.0 (+https://scrapy.org)
The Elemental Keyes,Sam Burns,Length: 7 hrs and 37 mins,Scrapy/2.9.0 (+https://scrapy.org)
Prepared,"Mike Glover,Jack Carr - foreword",Length: 5 hrs and 14 mins,Scrapy/2.9.0 (+https://scrapy.org)
Killers of the Flower Moon,David Grann,Length: 9 hrs and 4 mins,Scrapy/2.9.0 (+https://scrapy.org)
Murder of a Mermaid,Irina Shapiro,Length: 7 hrs and 46 mins,Scrapy/2.9.0 (+https://scrapy.org)
The Obstacle Is the Way,Ryan Holiday,Length: 4 hrs and 38 mins,Scrapy/2.9.0 (+https://scrapy.org)
Jungle World,B.V. Larson,Length: 13 hrs and 25 mins,Scrapy/2.9.0 (+https://scrapy.org)
Glucose Goddess Method,Jessie Inchauspe,Length: 3 hrs,Scrapy/2.9.0 (+https://scrapy.org)
Disruptive Thinking,T. D. Jakes,Length: 8 hrs and 42 mins,Scrapy/2.9.0 (+https://scrapy.org)
The 23rd Midnight,"James Patterson,Maxine Paetro",Length: 8 hrs and 4 mins,Scrapy/2.9.0 (+https://scrapy.org)
Icebreaker,Hannah Grace,Length: 13 hrs and 23 mins,Scrapy/2.9.0 (+https://scrapy.org)
Quantum Supremacy,Michio Kaku,Length: 10 hrs and 41 mins,Scrapy/2.9.0 (+https://scrapy.org)
Gates of Yog-Sothoth,John Corwin,Length: 11 hrs and 47 mins,Scrapy/2.9.0 (+https://scrapy.org)
Scattered Minds,Gabor Maté MD,Length: 10 hrs and 59 mins,Scrapy/2.9.0 (+https://scrapy.org)
Tell Me Everything,Minka Kelly,Length: 8 hrs and 40 mins,Scrapy/2.9.0 (+https://scrapy.org)
8 Rules of Love,Jay Shetty,Length: 10 hrs and 21 mins,Scrapy/2.9.0 (+https://scrapy.org)
Does It Hurt?,H. D. Carlton,Length: 12 hrs and 7 mins,Scrapy/2.9.0 (+https://scrapy.org)
That Kind of Guy,Stephanie Archer,Length: 9 hrs and 23 mins,Scrapy/2.9.0 (+https://scrapy.org)
Defying Logic,Nicky James,Length: 12 hrs and 53 mins,Scrapy/2.9.0 (+https://scrapy.org)
The Postcard,"Anne Berest,Tina Kover - translator",Length: 13 hrs and 12 mins,Scrapy/2.9.0 (+https://scrapy.org)
Book of Economics and Finance Business,Chad Diegle,Length: 2 hrs and 28 mins,Scrapy/2.9.0 (+https://scrapy.org)
The City of Cutthroats,"Torsten Weitze,Tim Casey - translator",Length: 21 hrs and 58 mins,Scrapy/2.9.0 (+https://scrapy.org)
Body Check,J.J. Arias,Length: 9 hrs and 41 mins,Scrapy/2.9.0 (+https://scrapy.org)
Edge of Steele,Susan Sleeman,Length: 9 hrs and 24 mins,Scrapy/2.9.0 (+https://scrapy.org)
Contempt,A. Zavarelli,Length: 16 hrs and 57 mins,Scrapy/2.9.0 (+https://scrapy.org)
Ambrosius,Taylor Rylan,Length: 8 hrs and 24 mins,Scrapy/2.9.0 (+https://scrapy.org)
Grace for Purpose Prayers,Hosiah Hope,Length: 7 hrs and 39 mins,Scrapy/2.9.0 (+https://scrapy.org)
The Unwanted Marriage,Catharina Maura,Length: 11 hrs and 35 mins,Scrapy/2.9.0 (+https://scrapy.org)
Reforged,Seth Haddon,Length: 12 hrs and 15 mins,Scrapy/2.9.0 (+https://scrapy.org)
The Covenant of Water,Abraham Verghese,Length: 31 hrs and 16 mins,Scrapy/2.9.0 (+https://scrapy.org)
Spiritual Activator,Oliver Nino,Length: 5 hrs and 34 mins,Scrapy/2.9.0 (+https://scrapy.org)
Inside the Devil's Nest,John Durgin,Length: 7 hrs and 46 mins,Scrapy/2.9.0 (+https://scrapy.org)
DMV,Bentley Little,Length: 13 hrs and 56 mins,Scrapy/2.9.0 (+https://scrapy.org)
The True Love Experiment,Christina Lauren,Length: 10 hrs and 52 mins,Scrapy/2.9.0 (+https://scrapy.org)
Fast Like a Girl,Dr. Mindy Pelz,Length: 8 hrs and 13 mins,Scrapy/2.9.0 (+https://scrapy.org)
The Libyan Diversion,Joel C. Rosenberg,Length: 11 hrs and 13 mins,Scrapy/2.9.0 (+https://scrapy.org)
The Lost Hero,Rick Riordan,Length: 16 hrs and 33 mins,Scrapy/2.9.0 (+https://scrapy.org)
So Many Steves,"Steve Martin,Adam Gopnik",Length: 2 hrs and 46 mins,Scrapy/2.9.0 (+https://scrapy.org)
The Slight Edge,Jeff Olson,Length: 9 hrs and 47 mins,Scrapy/2.9.0 (+https://scrapy.org)
Them,Whitley Strieber,Length: 10 hrs and 17 mins,Scrapy/2.9.0 (+https://scrapy.org)
The DNA Way,Kashif Khan,Length: 5 hrs and 57 mins,Scrapy/2.9.0 (+https://scrapy.org)
The Bird Hotel,Joyce Maynard,Length: 12 hrs and 47 mins,Scrapy/2.9.0 (+https://scrapy.org)
The Path of Least Resistance,Robert Fritz,Length: 7 hrs and 52 mins,Scrapy/2.9.0 (+https://scrapy.org)
Spell Thief,J Pal,Length: 14 hrs and 42 mins,Scrapy/2.9.0 (+https://scrapy.org)
Everybody Hates Death Knights,"Crunch Berries,Mike Leon",Length: 11 hrs and 17 mins,Scrapy/2.9.0 (+https://scrapy.org)
Foreign and Domestic,Scott Blade,Length: 8 hrs and 53 mins,Scrapy/2.9.0 (+https://scrapy.org)
Tremendous,"Joey ""Coco"" Diaz",Length: 6 hrs and 45 mins,Scrapy/2.9.0 (+https://scrapy.org)
Storm Watch,C. J. Box,Length: 9 hrs and 4 mins,Scrapy/2.9.0 (+https://scrapy.org)
Ghostly Game,Christine Feehan,Length: 11 hrs and 57 mins,Scrapy/2.9.0 (+https://scrapy.org)
Capitalist Punishment,Vivek Ramaswamy,Length: 7 hrs,Scrapy/2.9.0 (+https://scrapy.org)
The Risk,S.T. Abby,Length: 3 hrs and 28 mins,Scrapy/2.9.0 (+https://scrapy.org)
Red Rising,Pierce Brown,Length: 16 hrs and 12 mins,Scrapy/2.9.0 (+https://scrapy.org)
Let This Radicalize You,"Kelly Hayes,Mariame Kaba",Length: 10 hrs and 42 mins,Scrapy/2.9.0 (+https://scrapy.org)
Who Cries for the Lost,C.S. Harris,Length: 11 hrs,Scrapy/2.9.0 (+https://scrapy.org)
The Path of Ascension 3,C. Mantis,Length: 22 hrs and 58 mins,Scrapy/2.9.0 (+https://scrapy.org)
The Fine Print,Lauren Asher,Length: 11 hrs and 8 mins,Scrapy/2.9.0 (+https://scrapy.org)
Disarmed,Mark W. Smith,Length: 3 hrs and 34 mins,Scrapy/2.9.0 (+https://scrapy.org)
Bonded by Thorns,Elizabeth Helen,Length: 10 hrs and 59 mins,Scrapy/2.9.0 (+https://scrapy.org)
He Who Fights with Monsters 10,"Shirtaloon,Travis Deverell",Length: 20 hrs,Scrapy/2.9.0 (+https://scrapy.org)
Yellowface,R. F. Kuang,Length: 8 hrs and 39 mins,Scrapy/2.9.0 (+https://scrapy.org)
Question and Answer: What Makes Us Healthy?,Bettye Fields Pearl,Length: 3 hrs and 17 mins,Scrapy/2.9.0 (+https://scrapy.org)
Stalking the Wild Pendulum,Itzhak Bentov,Length: 5 hrs and 15 mins,Scrapy/2.9.0 (+https://scrapy.org)
The Nameless,Adrian J. Smith,Length: 48 hrs and 23 mins,Scrapy/2.9.0 (+https://scrapy.org)
Beyond Happiness,Dr. Jennifer Guttman,Length: 6 hrs and 27 mins,Scrapy/2.9.0 (+https://scrapy.org)
Serenity in the Storm,Kayleigh McEnany,Length: 7 hrs and 28 mins,Scrapy/2.9.0 (+https://scrapy.org)
The Last Honest Man,"James Risen,Thomas Risen - contributor",Length: 15 hrs and 5 mins,Scrapy/2.9.0 (+https://scrapy.org)
Cadaver 1,Nick Clausen,Length: 6 hrs and 46 mins,Scrapy/2.9.0 (+https://scrapy.org)
When Race Trumps Merit,Heather Mac Donald,Length: 9 hrs and 46 mins,Scrapy/2.9.0 (+https://scrapy.org)
The Last Ranger,J.D.L. Rosell,Length: 16 hrs and 21 mins,Scrapy/2.9.0 (+https://scrapy.org)
The Daddy Diaries,Andy Cohen,Length: 10 hrs and 32 mins,Scrapy/2.9.0 (+https://scrapy.org)
The Temporary Wife: Luca and Valentina's Story,Catharina Maura,Length: 11 hrs and 33 mins,Scrapy/2.9.0 (+https://scrapy.org)
Champagne Venom,Nicole Fox,Length: 13 hrs and 59 mins,Scrapy/2.9.0 (+https://scrapy.org)
Birnam Wood,Eleanor Catton,Length: 12 hrs and 47 mins,Scrapy/2.9.0 (+https://scrapy.org)
Start Your Notary Public & Loan Signing Agent Business,LSAUSA Education,Length: 3 hrs and 32 mins,Scrapy/2.9.0 (+https://scrapy.org)
Brute Force,Scott Meyer,Length: 9 hrs and 50 mins,Scrapy/2.9.0 (+https://scrapy.org)
Harold,Steven Wright,Length: 5 hrs and 30 mins,Scrapy/2.9.0 (+https://scrapy.org)
The Well-Lived Life,"Gladys McGarey MD,Dr. Mark Hyman - foreword",Length: 8 hrs and 55 mins,Scrapy/2.9.0 (+https://scrapy.org)
What Lurks Between the Fates,Harper L. Woods,Length: 14 hrs and 8 mins,Scrapy/2.9.0 (+https://scrapy.org)
Outlive,"Peter Attia MD,Bill Gifford - contributor",Length: 17 hrs and 7 mins,Scrapy/2.9.0 (+https://scrapy.org)
Night Angel Nemesis,Brent Weeks,Length: 32 hrs and 11 mins,Scrapy/2.9.0 (+https://scrapy.org)
Nomad Capitalist,Andrew Henderson,Length: 15 hrs and 50 mins,Scrapy/2.9.0 (+https://scrapy.org)
You and Your Adult Child,Laurence Steinberg,Length: 7 hrs and 53 mins,Scrapy/2.9.0 (+https://scrapy.org)
Booked for Murder,Jasmine Webb,Length: 6 hrs and 40 mins,Scrapy/2.9.0 (+https://scrapy.org)
The Art of Clear Thinking,Hasard Lee,Length: 6 hrs and 37 mins,Scrapy/2.9.0 (+https://scrapy.org)
In Each Other's Care,"Stan Tatkin PsyD MFT,Lin Chen",Length: 12 hrs and 19 mins,Scrapy/2.9.0 (+https://scrapy.org)
Spare,Prince Harry The Duke of Sussex,Length: 15 hrs and 39 mins,Scrapy/2.9.0 (+https://scrapy.org)
Claiming the Dragon King,Amelia Hutchins,Length: 12 hrs and 38 mins,Scrapy/2.9.0 (+https://scrapy.org)
The Untethered Soul,Michael A. Singer,Length: 6 hrs and 11 mins,Scrapy/2.9.0 (+https://scrapy.org)
Born a Crime,Trevor Noah,Length: 8 hrs and 44 mins,Scrapy/2.9.0 (+https://scrapy.org)
The Mind Illuminated,"Culadasa John Yates PhD,Matthew Immergut PhD,Jeremy Graves",Length: 16 hrs and 5 mins,Scrapy/2.9.0 (+https://scrapy.org)
Shoe Dog,Phil Knight,Length: 13 hrs and 21 mins,Scrapy/2.9.0 (+https://scrapy.org)
The Hitchhiker's Guide to the Galaxy,Douglas Adams,Length: 5 hrs and 51 mins,Scrapy/2.9.0 (+https://scrapy.org)
To Kill a Mockingbird,Harper Lee,Length: 12 hrs and 17 mins,Scrapy/2.9.0 (+https://scrapy.org)
One of Us Is Lying (TV Series Tie-In Edition),Karen M. McManus,Length: 10 hrs and 43 mins,Scrapy/2.9.0 (+https://scrapy.org)
Profit First,Mike Michalowicz,Length: 8 hrs and 35 mins,Scrapy/2.9.0 (+https://scrapy.org)
"Lockwood & Co.: The Screaming Staircase, Book 1",Jonathan Stroud,Length: 10 hrs and 10 mins,Scrapy/2.9.0 (+https://scrapy.org)
The Secret,Rhonda Byrne,Length: 4 hrs and 24 mins,Scrapy/2.9.0 (+https://scrapy.org)
The Five Dysfunctions of a Team,Patrick Lencioni,Length: 3 hrs and 42 mins,Scrapy/2.9.0 (+https://scrapy.org)
Chapel Bend,Kristen Proby,Length: 7 hrs and 28 mins,Scrapy/2.9.0 (+https://scrapy.org)
"Poverty, by America",Matthew Desmond,Length: 5 hrs and 40 mins,Scrapy/2.9.0 (+https://scrapy.org)
I Have Some Questions for You,Rebecca Makkai,Length: 14 hrs and 4 mins,Scrapy/2.9.0 (+https://scrapy.org)
"The Legend of Dave the Villager, Books 16–20",Dave Villager,Length: 9 hrs,Scrapy/2.9.0 (+https://scrapy.org)
Children of Time,Adrian Tchaikovsky,Length: 16 hrs and 31 mins,Scrapy/2.9.0 (+https://scrapy.org)
The Four Agreements,don Miguel Ruiz,Length: 2 hrs and 31 mins,Scrapy/2.9.0 (+https://scrapy.org)
Eragon,Christopher Paolini,Length: 16 hrs and 22 mins,Scrapy/2.9.0 (+https://scrapy.org)
"Boundaries, Updated and Expanded Edition","John Townsend,Henry Cloud",Length: 11 hrs and 18 mins,Scrapy/2.9.0 (+https://scrapy.org)
The Couple at Table Six,Daniel Hurst,Length: 5 hrs and 29 mins,Scrapy/2.9.0 (+https://scrapy.org)
Never Kiss a Cowgirl,Ali Vali,Length: 10 hrs and 6 mins,Scrapy/2.9.0 (+https://scrapy.org)
The Name of the Wind,Patrick Rothfuss,Length: 27 hrs and 55 mins,Scrapy/2.9.0 (+https://scrapy.org)
The Wedding Planner,Danielle Steel,Length: 8 hrs and 22 mins,Scrapy/2.9.0 (+https://scrapy.org)
All My Knotted-Up Life,Beth Moore,Length: 8 hrs and 29 mins,Scrapy/2.9.0 (+https://scrapy.org)
After That Night,Karin Slaughter,Length: 13 hrs and 30 mins,Scrapy/2.9.0 (+https://scrapy.org)
Start with Why,Simon Sinek,Length: 7 hrs and 18 mins,Scrapy/2.9.0 (+https://scrapy.org)
Vein Pursuits,"Rhett C. Bruno,Jaime Castle",Length: 11 hrs and 2 mins,Scrapy/2.9.0 (+https://scrapy.org)
Brutal Minds,Stanley K. Ridgley,Length: 7 hrs and 35 mins,Scrapy/2.9.0 (+https://scrapy.org)
Water Borne,Octavia Randolph,Length: 15 hrs and 25 mins,Scrapy/2.9.0 (+https://scrapy.org)
Spirit-Led Living in an Upside-Down World,Stephen Strang,Length: 7 hrs and 17 mins,Scrapy/2.9.0 (+https://scrapy.org)
Johnson at 10,"Anthony Seldon,Raymond Newell",Length: 20 hrs and 13 mins,Scrapy/2.9.0 (+https://scrapy.org)
Paris,Paris Hilton,Length: 8 hrs and 22 mins,Scrapy/2.9.0 (+https://scrapy.org)
Dark Angel,John Sandford,Length: 11 hrs and 7 mins,Scrapy/2.9.0 (+https://scrapy.org)
Broken Light,Joanne Harris,Length: 12 hrs and 47 mins,Scrapy/2.9.0 (+https://scrapy.org)
A Gentleman in Moscow,Amor Towles,Length: 17 hrs and 52 mins,Scrapy/2.9.0 (+https://scrapy.org)
Make Your Bed,William H. McRaven,Length: 1 hr and 53 mins,Scrapy/2.9.0 (+https://scrapy.org)
Twilight,Stephenie Meyer,Length: 12 hrs and 51 mins,Scrapy/2.9.0 (+https://scrapy.org)
Somebody's Wife,Robbi Renee,Length: 9 hrs and 51 mins,Scrapy/2.9.0 (+https://scrapy.org)
Fourth Wing,Rebecca Yarros,Length: 20 hrs and 47 mins,Scrapy/2.9.0 (+https://scrapy.org)
The Echo of Old Books,Barbara Davis,Length: 13 hrs and 8 mins,Scrapy/2.9.0 (+https://scrapy.org)
The Courage to Be Free,Ron DeSantis,Length: 8 hrs and 59 mins,Scrapy/2.9.0 (+https://scrapy.org)
The Awe of God,John Bevere,Length: 7 hrs and 28 mins,Scrapy/2.9.0 (+https://scrapy.org)
"Honey, Baby, Mine","Laura Dern,Diane Ladd,Reese Witherspoon - foreword",Length: 7 hrs and 40 mins,Scrapy/2.9.0 (+https://scrapy.org)
A Little Life,Hanya Yanagihara,Length: 32 hrs and 51 mins,Scrapy/2.9.0 (+https://scrapy.org)
Resurrection Walk,Michael Connelly,Length: 12 hrs,Scrapy/2.9.0 (+https://scrapy.org)
House of Beating Wings,Olivia Wildenstein,Length: 15 hrs and 30 mins,Scrapy/2.9.0 (+https://scrapy.org)
The Secret Life of Sunflowers,"Marta Molnar,Dana Marton",Length: 9 hrs and 52 mins,Scrapy/2.9.0 (+https://scrapy.org)
Razor 03,Alan C. Mack,Length: 9 hrs and 22 mins,Scrapy/2.9.0 (+https://scrapy.org)
Zodiac Academy: Origins of an Academy Bully,"Caroline Peckham,Susanne Valenti",Length: 2 hrs and 21 mins,Scrapy/2.9.0 (+https://scrapy.org)
King: A Life,Jonathan Eig,Length: 20 hrs and 45 mins,Scrapy/2.9.0 (+https://scrapy.org)
Walking with Sam,Andrew McCarthy,Length: 6 hrs and 43 mins,Scrapy/2.9.0 (+https://scrapy.org)
Final Battle,David Horowitz,Length: 5 hrs and 37 mins,Scrapy/2.9.0 (+https://scrapy.org)
A Soul of Ash and Blood,Jennifer L. Armentrout,Length: 24 hrs,Scrapy/2.9.0 (+https://scrapy.org)
Wrecked,Lauren Asher,Length: 11 hrs and 20 mins,Scrapy/2.9.0 (+https://scrapy.org)
Homecoming,Kate Morton,Length: 17 hrs and 38 mins,Scrapy/2.9.0 (+https://scrapy.org)
Wild New World,Dan Flores,Length: 16 hrs and 33 mins,Scrapy/2.9.0 (+https://scrapy.org)
The Body in the Shadows,Nick Louth,Length: 8 hrs and 14 mins,Scrapy/2.9.0 (+https://scrapy.org)
Battlefield Reclaimer,David North,Length: 20 hrs and 4 mins,Scrapy/2.9.0 (+https://scrapy.org)
The Pleiadian Agenda,"Barbara Hand Clow,Brian Swimme PhD - introduction",Length: 13 hrs and 9 mins,Scrapy/2.9.0 (+https://scrapy.org)
Glock Grannies: A Mystery for Every Season,Shannon VanBergen,Length: 11 hrs and 19 mins,Scrapy/2.9.0 (+https://scrapy.org)
The Matchmaker,Catherine Walsh,Length: 10 hrs and 10 mins,Scrapy/2.9.0 (+https://scrapy.org)
Escaping Shadows,Kathleen Brooks,Length: 7 hrs and 30 mins,Scrapy/2.9.0 (+https://scrapy.org)
The Subtle Art of Not Giving a F*ck,Mark Manson,Length: 5 hrs and 17 mins,Scrapy/2.9.0 (+https://scrapy.org)
Ruthless Equity,Ken Williams,Length: 6 hrs and 6 mins,Scrapy/2.9.0 (+https://scrapy.org)
Five Years After,William R. Forstchen,Length: 11 hrs and 15 mins,Scrapy/2.9.0 (+https://scrapy.org)
Not All Himbos Wear Capes,C. Rochelle,Length: 11 hrs and 12 mins,Scrapy/2.9.0 (+https://scrapy.org)
Painted Scars,Neva Altaj,Length: 6 hrs and 25 mins,Scrapy/2.9.0 (+https://scrapy.org)
The Southern Killer,Peter O'Mahoney,Length: 7 hrs and 2 mins,Scrapy/2.9.0 (+https://scrapy.org)
A Fire in the Flesh,Jennifer L. Armentrout,Length: 24 hrs,Scrapy/2.9.0 (+https://scrapy.org)
"Million Dollar Consulting, Sixth Edition",Alan Weiss,Length: 6 hrs and 46 mins,Scrapy/2.9.0 (+https://scrapy.org)
The Shadow Docket,Stephen Vladeck,Length: 11 hrs and 17 mins,Scrapy/2.9.0 (+https://scrapy.org)
Keeping Denver,"Crystal Daniels,Sandy Alvarez",Length: 6 hrs and 13 mins,Scrapy/2.9.0 (+https://scrapy.org)
The Return of the Gods,Jonathan Cahn,Length: 8 hrs and 34 mins,Scrapy/2.9.0 (+https://scrapy.org)
The Alchemist,Paulo Coelho,Length: 4 hrs,Scrapy/2.9.0 (+https://scrapy.org)
Sapiens,Yuval Noah Harari,Length: 15 hrs and 18 mins,Scrapy/2.9.0 (+https://scrapy.org)
Good to Great,Jim Collins,Length: 10 hrs and 1 min,Scrapy/2.9.0 (+https://scrapy.org)
Traction,Gino Wickman,Length: 6 hrs and 56 mins,Scrapy/2.9.0 (+https://scrapy.org)
Essentialism,Greg McKeown,Length: 6 hrs and 14 mins,Scrapy/2.9.0 (+https://scrapy.org)
You Can't Joke About That,Kat Timpf,Length: 7 hrs and 34 mins,Scrapy/2.9.0 (+https://scrapy.org)
The Birdcage Murders,Karen Baugh Menuhin,Length: 8 hrs and 55 mins,Scrapy/2.9.0 (+https://scrapy.org)
The Wisdom of the Bullfrog,Admiral William H. McRaven,Length: 3 hrs and 44 mins,Scrapy/2.9.0 (+https://scrapy.org)
The Guest,Emma Cline,Length: 8 hrs and 36 mins,Scrapy/2.9.0 (+https://scrapy.org)
Simply Lies,David Baldacci,Length: 11 hrs and 45 mins,Scrapy/2.9.0 (+https://scrapy.org)
Ensnared,Tiffany Roberts,Length: 11 hrs and 24 mins,Scrapy/2.9.0 (+https://scrapy.org)
The Dying Place,Charly Cox,Length: 9 hrs and 44 mins,Scrapy/2.9.0 (+https://scrapy.org)
Empire of the Summer Moon,S. C. Gwynne,Length: 15 hrs and 9 mins,Scrapy/2.9.0 (+https://scrapy.org)
Why We Sleep,Matthew Walker,Length: 13 hrs and 52 mins,Scrapy/2.9.0 (+https://scrapy.org)
Only the Dead,Jack Carr,Length: 15 hrs and 17 mins,Scrapy/2.9.0 (+https://scrapy.org)
The Monk,Tim Sullivan,Length: 12 hrs and 4 mins,Scrapy/2.9.0 (+https://scrapy.org)
Don't Look Back,Christine Caine,Length: 5 hrs and 10 mins,Scrapy/2.9.0 (+https://scrapy.org)
Lords of Uncreation,Adrian Tchaikovsky,Length: 20 hrs and 50 mins,Scrapy/2.9.0 (+https://scrapy.org)
Before We Go Live,Stephen Flavall,Length: 6 hrs and 45 mins,Scrapy/2.9.0 (+https://scrapy.org)
The Making of Another Major Motion Picture Masterpiece,Tom Hanks,Length: 15 hrs and 57 mins,Scrapy/2.9.0 (+https://scrapy.org)
Dreams of the Dying: The Dark Corners of Our Minds,Nicolas Lietzau,Length: 23 hrs and 49 mins,Scrapy/2.9.0 (+https://scrapy.org)
Little Heaven,Nick Cutter,Length: 15 hrs and 59 mins,Scrapy/2.9.0 (+https://scrapy.org)
The Blade Itself,Joe Abercrombie,Length: 22 hrs and 15 mins,Scrapy/2.9.0 (+https://scrapy.org)
Six of Crows,Leigh Bardugo,Length: 15 hrs and 4 mins,Scrapy/2.9.0 (+https://scrapy.org)
The Rise and Fall of the Third Reich,William L. Shirer,Length: 57 hrs and 11 mins,Scrapy/2.9.0 (+https://scrapy.org)
Grit,Angela Duckworth,Length: 9 hrs and 22 mins,Scrapy/2.9.0 (+https://scrapy.org)
"Guns, Germs and Steel",Jared Diamond,Length: 16 hrs and 20 mins,Scrapy/2.9.0 (+https://scrapy.org)
It Didn't Start with You,Mark Wolynn,Length: 8 hrs and 16 mins,Scrapy/2.9.0 (+https://scrapy.org)
Extreme Ownership,"Jocko Willink,Leif Babin",Length: 9 hrs and 33 mins,Scrapy/2.9.0 (+https://scrapy.org)
The Nightingale,Kristin Hannah,Length: 17 hrs and 19 mins,Scrapy/2.9.0 (+https://scrapy.org)
The Duke and I,Julia Quinn,Length: 12 hrs and 9 mins,Scrapy/2.9.0 (+https://scrapy.org)
One True Loves,Taylor Jenkins Reid,Length: 8 hrs and 5 mins,Scrapy/2.9.0 (+https://scrapy.org)
Over Verdant Irish Hills,Ava Miles,Length: 11 hrs and 18 mins,Scrapy/2.9.0 (+https://scrapy.org)
Don't Tell Anybody the Secrets I Told You,Lucinda Williams,Length: 6 hrs and 14 mins,Scrapy/2.9.0 (+https://scrapy.org)
Anatomy of a Breakthrough,Adam Alter,Length: 8 hrs and 52 mins,Scrapy/2.9.0 (+https://scrapy.org)
Never Lie,Freida McFadden,Length: 7 hrs and 21 mins,Scrapy/2.9.0 (+https://scrapy.org)
Communication and Management of this Book,Vernadette Stevens,Length: 1 hr and 41 mins,Scrapy/2.9.0 (+https://scrapy.org)
Haunting Adeline,H. D. Carlton,Length: 15 hrs and 47 mins,Scrapy/2.9.0 (+https://scrapy.org)
The Creature from Jekyll Island,G. Edward Griffin,Length: 24 hrs and 21 mins,Scrapy/2.9.0 (+https://scrapy.org)
Brain Energy,Christopher M. Palmer MD,Length: 12 hrs and 18 mins,Scrapy/2.9.0 (+https://scrapy.org)
Romantic Comedy (Reese's Book Club),Curtis Sittenfeld,Length: 9 hrs and 5 mins,Scrapy/2.9.0 (+https://scrapy.org)
"Assessment of Plant Diversity and Analysis of Community Structure, Economic Analysis Book",Clyde Mercier,Length: 1 hr and 10 mins,Scrapy/2.9.0 (+https://scrapy.org)
Making a House and Create a Home,Benjamin Gilbert David,Length: 2 hrs and 48 mins,Scrapy/2.9.0 (+https://scrapy.org)
The Captain,Will Wight,Length: 11 hrs and 24 mins,Scrapy/2.9.0 (+https://scrapy.org)
Carnival Quest,Brandon Mull,Length: 11 hrs and 3 mins,Scrapy/2.9.0 (+https://scrapy.org)
Highlanders Hold Grudges,Julie Johnstone,Length: 7 hrs and 17 mins,Scrapy/2.9.0 (+https://scrapy.org)
The Drifter,Nick Petrie,Length: 9 hrs and 10 mins,Scrapy/2.9.0 (+https://scrapy.org)
Where the Shadows Dance,Dana Killion,Length: 8 hrs and 23 mins,Scrapy/2.9.0 (+https://scrapy.org)
Queen Charlotte,"Julia Quinn,Shonda Rhimes",Length: 12 hrs and 23 mins,Scrapy/2.9.0 (+https://scrapy.org)
Glow,Raven Kennedy,Length: 22 hrs and 40 mins,Scrapy/2.9.0 (+https://scrapy.org)
The Romantic,Riley Hart,Length: 6 hrs and 58 mins,Scrapy/2.9.0 (+https://scrapy.org)
A Short History of Nearly Everything,Bill Bryson,Length: 18 hrs and 13 mins,Scrapy/2.9.0 (+https://scrapy.org)
I Summoned My What?!,Montgomery Quinn,Length: 7 hrs and 16 mins,Scrapy/2.9.0 (+https://scrapy.org)
The Exchange,John Grisham,Length: 11 hrs and 30 mins,Scrapy/2.9.0 (+https://scrapy.org)
The Josephine Tey Collection: 6 Alan Grant Novels; Brat Farrar; & Miss Pym Disposes,Josephine Tey,Length: 61 hrs and 21 mins,Scrapy/2.9.0 (+https://scrapy.org)
Lucky Hit,Hannah Cowan,Length: 8 hrs and 53 mins,Scrapy/2.9.0 (+https://scrapy.org)
Raw Dog,Jamie Loftus,Length: 9 hrs and 38 mins,Scrapy/2.9.0 (+https://scrapy.org)
Anne Frank: The Diary of a Young Girl,Anne Frank,Length: 9 hrs and 55 mins,Scrapy/2.9.0 (+https://scrapy.org)
The Deborah Mantle,Christy Johnston,Length: 7 hrs and 46 mins,Scrapy/2.9.0 (+https://scrapy.org)
No Small Bet,Samantha Christy,Length: 9 hrs and 14 mins,Scrapy/2.9.0 (+https://scrapy.org)
Our King: Charles III,Robert Jobson,Length: 9 hrs and 44 mins,Scrapy/2.9.0 (+https://scrapy.org)
The Fastest Tortoise,Ken Hersh,Length: 15 hrs and 54 mins,Scrapy/2.9.0 (+https://scrapy.org)
The Thin Dead Line,Shane Gries,Length: 10 hrs and 15 mins,Scrapy/2.9.0 (+https://scrapy.org)
The 6 Types of Working Genius,Patrick M. Lencioni,Length: 4 hrs and 11 mins,Scrapy/2.9.0 (+https://scrapy.org)
System Overclocked,Randi Darren,Length: 11 hrs and 48 mins,Scrapy/2.9.0 (+https://scrapy.org)
Codependent No More,Melody Beattie,Length: 8 hrs and 42 mins,Scrapy/2.9.0 (+https://scrapy.org)
All Things Aside,Iliza Shlesinger,Length: 6 hrs and 16 mins,Scrapy/2.9.0 (+https://scrapy.org)
Whisper of Iron,Matt Pivots,Length: 7 hrs and 5 mins,Scrapy/2.9.0 (+https://scrapy.org)
Heartless,Elsie Silver,Length: 9 hrs and 51 mins,Scrapy/2.9.0 (+https://scrapy.org)
(ISC)2 CCSP Certified Cloud Security Professional Official Study Guide (3rd Edition),"Mike Chapple,David Seidl",Length: 19 hrs and 40 mins,Scrapy/2.9.0 (+https://scrapy.org)
Plot Hole,Macronomicon,Length: 22 hrs and 25 mins,Scrapy/2.9.0 (+https://scrapy.org)
Beautiful Carnage,Heather Ashley,Length: 8 hrs and 43 mins,Scrapy/2.9.0 (+https://scrapy.org)
The Shifting Current,Dani Pettrey,Length: 5 hrs and 55 mins,Scrapy/2.9.0 (+https://scrapy.org)
The Billionaire's Valet,Lucy Lennox,Length: 1 hr and 4 mins,Scrapy/2.9.0 (+https://scrapy.org)
Demon DIY,"Gwen Grayson,Kirk Mason",Length: 8 hrs and 25 mins,Scrapy/2.9.0 (+https://scrapy.org)
Forevermore,Dannika Dark,Length: 3 hrs and 34 mins,Scrapy/2.9.0 (+https://scrapy.org)
Offside,Avery Keelan,Length: 17 hrs and 40 mins,Scrapy/2.9.0 (+https://scrapy.org)
Murder at the Circus,Lee Strauss,Length: 4 hrs and 32 mins,Scrapy/2.9.0 (+https://scrapy.org)
The Aurora Project,Paul McGowan,Length: 7 hrs and 6 mins,Scrapy/2.9.0 (+https://scrapy.org)
Murtagh,Christopher Paolini,Length: 18 hrs,Scrapy/2.9.0 (+https://scrapy.org)
Wool,Hugh Howey,Length: 15 hrs,Scrapy/2.9.0 (+https://scrapy.org)
The Evil Twins of Technocracy and Transhumanism,Patrick Wood,Length: 7 hrs and 28 mins,Scrapy/2.9.0 (+https://scrapy.org)
Stealing the Alpha's Heart,Skye Wilson,Length: 10 hrs and 6 mins,Scrapy/2.9.0 (+https://scrapy.org)
The CompTIA Security+ Computing Technology Industry Association Certification SY0-601 Study Guide - High-Tech Edition,"SMG,Daniel Mateo",Length: 11 hrs and 11 mins,Scrapy/2.9.0 (+https://scrapy.org)
Pen Pal,J.T. Geissinger,Length: 7 hrs and 54 mins,Scrapy/2.9.0 (+https://scrapy.org)
Sallow Bend,Alan Baxter,Length: 9 hrs and 56 mins,Scrapy/2.9.0 (+https://scrapy.org)
Castle Town 5,Anya Merchant,Length: 9 hrs and 12 mins,Scrapy/2.9.0 (+https://scrapy.org)
The Collector,Daniel Silva,Length: 12 hrs,Scrapy/2.9.0 (+https://scrapy.org)
The Whole-Brain Child,"Daniel J. Siegel,Tina Payne Bryson",Length: 6 hrs and 14 mins,Scrapy/2.9.0 (+https://scrapy.org)
You Could Make This Place Beautiful,Maggie Smith,Length: 7 hrs and 48 mins,Scrapy/2.9.0 (+https://scrapy.org)
The Ferryman,Justin Cronin,Length: 19 hrs and 55 mins,Scrapy/2.9.0 (+https://scrapy.org)
Young Forever,Dr. Mark Hyman MD,Length: 9 hrs and 28 mins,Scrapy/2.9.0 (+https://scrapy.org)
"Jab, Jab, Jab, Right Hook",Gary Vaynerchuk,Length: 5 hrs and 41 mins,Scrapy/2.9.0 (+https://scrapy.org)
Business Secrets,Jason Madejczyk,Length: 1 hr and 40 mins,Scrapy/2.9.0 (+https://scrapy.org)
The Charisma Myth,Olivia Fox Cabane,Length: 8 hrs and 20 mins,Scrapy/2.9.0 (+https://scrapy.org)
The Tale of Despereaux,Kate DiCamillo,Length: 3 hrs and 30 mins,Scrapy/2.9.0 (+https://scrapy.org)
Red Mars,Kim Stanley Robinson,Length: 23 hrs and 51 mins,Scrapy/2.9.0 (+https://scrapy.org)
Out of My Mind,Sharon M. Draper,Length: 6 hrs and 49 mins,Scrapy/2.9.0 (+https://scrapy.org)
Practical Magic,Alice Hoffman,Length: 9 hrs and 12 mins,Scrapy/2.9.0 (+https://scrapy.org)
I Am Malala,"Malala Yousafzai,Christina Lamb - contributor",Length: 9 hrs and 55 mins,Scrapy/2.9.0 (+https://scrapy.org)
The Butterfly Garden,Dot Hutchison,Length: 9 hrs and 13 mins,Scrapy/2.9.0 (+https://scrapy.org)
Confessions of a Video Vixen,Karrine Steffans,Length: 5 hrs and 42 mins,Scrapy/2.9.0 (+https://scrapy.org)
The Dance of Anger,Harriet Lerner,Length: 6 hrs and 50 mins,Scrapy/2.9.0 (+https://scrapy.org)
An Unquiet Mind,Kay Redfield Jamison,Length: 2 hrs and 46 mins,Scrapy/2.9.0 (+https://scrapy.org)
The Thief,Megan Whalen Turner,Length: 7 hrs and 41 mins,Scrapy/2.9.0 (+https://scrapy.org)
The Lovely Bones,Alice Sebold,Length: 10 hrs and 53 mins,Scrapy/2.9.0 (+https://scrapy.org)
Restart,Gordon Korman,Length: 6 hrs and 51 mins,Scrapy/2.9.0 (+https://scrapy.org)
The Unwelcomed Child,V. C. Andrews,Length: 9 hrs and 17 mins,Scrapy/2.9.0 (+https://scrapy.org)
Alive,Piers Paul Read,Length: 11 hrs and 11 mins,Scrapy/2.9.0 (+https://scrapy.org)
How to Raise an Adult,Julie Lythcott-Haims,Length: 12 hrs and 31 mins,Scrapy/2.9.0 (+https://scrapy.org)
The Breakdown,B. A. Paris,Length: 9 hrs and 20 mins,Scrapy/2.9.0 (+https://scrapy.org)
Uglies,Scott Westerfeld,Length: 10 hrs and 12 mins,Scrapy/2.9.0 (+https://scrapy.org)
iGen,Jean M. Twenge Ph.D.,Length: 9 hrs and 52 mins,Scrapy/2.9.0 (+https://scrapy.org)
Inkheart,Cornelia Funke,Length: 15 hrs and 34 mins,Scrapy/2.9.0 (+https://scrapy.org)
Story,Robert McKee,Length: 6 hrs and 12 mins,Scrapy/2.9.0 (+https://scrapy.org)
Twelve Hours' Sleep by Twelve Weeks Old,"Suzy Giordano,Lisa Abidin",Length: 2 hrs and 41 mins,Scrapy/2.9.0 (+https://scrapy.org)
Death by Meeting,Patrick Lencioni,Length: 4 hrs and 31 mins,Scrapy/2.9.0 (+https://scrapy.org)
Rendezvous with Rama,Arthur C. Clarke,Length: 9 hrs and 4 mins,Scrapy/2.9.0 (+https://scrapy.org)
The Hating Game,Sally Thorne,Length: 12 hrs and 18 mins,Scrapy/2.9.0 (+https://scrapy.org)
Ringworld,Larry Niven,Length: 11 hrs and 15 mins,Scrapy/2.9.0 (+https://scrapy.org)
Just Kids,Patti Smith,Length: 9 hrs and 50 mins,Scrapy/2.9.0 (+https://scrapy.org)
Life,"Keith Richards,James Fox",Length: 23 hrs and 5 mins,Scrapy/2.9.0 (+https://scrapy.org)
My Brilliant Friend,Elena Ferrante,Length: 12 hrs and 38 mins,Scrapy/2.9.0 (+https://scrapy.org)
A Clockwork Orange,Anthony Burgess,Length: 7 hrs and 44 mins,Scrapy/2.9.0 (+https://scrapy.org)
The Gene,Siddhartha Mukherjee,Length: 19 hrs and 22 mins,Scrapy/2.9.0 (+https://scrapy.org)
Manufacturing Consent,"Edward S. Herman,Noam Chomsky",Length: 15 hrs and 24 mins,Scrapy/2.9.0 (+https://scrapy.org)
No Easy Day,"Mark Owen,Kevin Maurer",Length: 6 hrs and 50 mins,Scrapy/2.9.0 (+https://scrapy.org)
The Art of Happiness,"His Holiness the Dalai Lama,Howard C. Cutler MD",Length: 3 hrs and 18 mins,Scrapy/2.9.0 (+https://scrapy.org)
The Player of Games,Iain M. Banks,Length: 11 hrs and 25 mins,Scrapy/2.9.0 (+https://scrapy.org)
The Last Victim,"Jason Moss,Jeffrey Kottler",Length: 10 hrs and 15 mins,Scrapy/2.9.0 (+https://scrapy.org)
Crossing the Chasm,Geoffrey A. Moore,Length: 9 hrs and 45 mins,Scrapy/2.9.0 (+https://scrapy.org)
"Right Man, Right Time",Meghan Quinn,Length: 12 hrs and 39 mins,Scrapy/2.9.0 (+https://scrapy.org)
The Seven Husbands of Evelyn Hugo,Taylor Jenkins Reid,Length: 12 hrs and 10 mins,Scrapy/2.9.0 (+https://scrapy.org)
Never Split the Difference,Chris Voss,Length: 8 hrs and 7 mins,Scrapy/2.9.0 (+https://scrapy.org)
Think and Grow Rich,Napoleon Hill,Length: 9 hrs and 35 mins,Scrapy/2.9.0 (+https://scrapy.org)
Star Wars: The High Republic: Path of Vengeance,Cavan Scott,Length: 11 hrs and 59 mins,Scrapy/2.9.0 (+https://scrapy.org)
How We Love,"Milan Yerkovich,Kay Yerkovich",Length: 10 hrs and 56 mins,Scrapy/2.9.0 (+https://scrapy.org)
Setting the Table,Danny Meyer,Length: 5 hrs and 33 mins,Scrapy/2.9.0 (+https://scrapy.org)
The Heart of Everything That Is,"Bob Drury,Tom Clavin",Length: 12 hrs and 5 mins,Scrapy/2.9.0 (+https://scrapy.org)
Esperanza Rising,Pam Munoz Ryan,Length: 4 hrs and 42 mins,Scrapy/2.9.0 (+https://scrapy.org)
Who,"Geoff Smart,Randy Street",Length: 4 hrs and 47 mins,Scrapy/2.9.0 (+https://scrapy.org)
The Danish Way of Parenting,"Jessica Joelle Alexander,Dissing Sandahl",Length: 3 hrs and 28 mins,Scrapy/2.9.0 (+https://scrapy.org)
Let My People Go Surfing,"Yvon Chouinard,Naomi Klein",Length: 7 hrs and 59 mins,Scrapy/2.9.0 (+https://scrapy.org)
An American Beauty,Shana Abe,Length: 11 hrs and 34 mins,Scrapy/2.9.0 (+https://scrapy.org)
The Other Einstein,Marie Benedict,Length: 8 hrs and 30 mins,Scrapy/2.9.0 (+https://scrapy.org)
Growing Up as the Scapegoat to Narcissistic Parents,Jay Reid,Length: 8 hrs and 15 mins,Scrapy/2.9.0 (+https://scrapy.org)
Dragon Heist,Alexander C. Kane,Length: 9 hrs and 7 mins,Scrapy/2.9.0 (+https://scrapy.org)
Play with Me,Becka Mack,Length: 19 hrs and 41 mins,Scrapy/2.9.0 (+https://scrapy.org)
Standing Dead,Margaret Mizushima,Length: 9 hrs and 38 mins,Scrapy/2.9.0 (+https://scrapy.org)
Just a Regular Boy,Catherine Ryan Hyde,Length: 8 hrs and 57 mins,Scrapy/2.9.0 (+https://scrapy.org)
The Reboot,B. E. Baker,Length: 10 hrs and 1 min,Scrapy/2.9.0 (+https://scrapy.org)
Dragonslayer,Craig Alanson,Length: 17 hrs and 40 mins,Scrapy/2.9.0 (+https://scrapy.org)
You Are the One You've Been Waiting For,Richard Schwartz PhD,Length: 6 hrs and 10 mins,Scrapy/2.9.0 (+https://scrapy.org)
How to Win Friends & Influence People,Dale Carnegie,Length: 7 hrs and 15 mins,Scrapy/2.9.0 (+https://scrapy.org)
How to Talk to Anyone,Leil Lowndes,Length: 8 hrs and 59 mins,Scrapy/2.9.0 (+https://scrapy.org)
The Way of Kings,Brandon Sanderson,Length: 45 hrs and 30 mins,Scrapy/2.9.0 (+https://scrapy.org)
The Total Money Makeover,Dave Ramsey,Length: 3 hrs and 41 mins,Scrapy/2.9.0 (+https://scrapy.org)
The Good Enough Job,Simone Stolzoff,Length: 5 hrs and 33 mins,Scrapy/2.9.0 (+https://scrapy.org)
Dawn of Assassins: Book 1,Jon Cronshaw,Length: 14 hrs and 3 mins,Scrapy/2.9.0 (+https://scrapy.org)
I Am Not Your Perfect Mexican Daughter,Erika L. Sánchez,Length: 9 hrs and 41 mins,Scrapy/2.9.0 (+https://scrapy.org)
No Bad Kids,Janet Lansbury,Length: 3 hrs and 29 mins,Scrapy/2.9.0 (+https://scrapy.org)
Culturally Responsive Teaching and the Brain,Zaretta Hammond,Length: 7 hrs and 25 mins,Scrapy/2.9.0 (+https://scrapy.org)
How to Lead When You're Not in Charge,Clay Scroggins,Length: 6 hrs and 19 mins,Scrapy/2.9.0 (+https://scrapy.org)
The Bodyguard Affair,"Anna Stone,Hildred Billings",Length: 6 hrs and 49 mins,Scrapy/2.9.0 (+https://scrapy.org)
The Song of Achilles,Madeline Miller,Length: 11 hrs and 15 mins,Scrapy/2.9.0 (+https://scrapy.org)
The Devil in the White City,Erik Larson,Length: 14 hrs and 58 mins,Scrapy/2.9.0 (+https://scrapy.org)
Fahrenheit 451,Ray Bradbury,Length: 5 hrs and 1 min,Scrapy/2.9.0 (+https://scrapy.org)
As a Man Thinketh,James Allen,Length: 55 mins,Scrapy/2.9.0 (+https://scrapy.org)
World War Z: The Complete Edition,Max Brooks,Length: 12 hrs and 9 mins,Scrapy/2.9.0 (+https://scrapy.org)
We Hunt Monsters 5,Aaron Oster,Length: 14 hrs and 44 mins,Scrapy/2.9.0 (+https://scrapy.org)
The Chemist,Stephenie Meyer,Length: 17 hrs and 1 min,Scrapy/2.9.0 (+https://scrapy.org)
How to Make It in the New Music Business (3rd Edition),Ari Herstand,Length: 19 hrs and 47 mins,Scrapy/2.9.0 (+https://scrapy.org)
What's Our Problem?,Tim Urban,Length: 13 hrs and 58 mins,Scrapy/2.9.0 (+https://scrapy.org)
The Valley,D.J. Molles,Length: 14 hrs and 48 mins,Scrapy/2.9.0 (+https://scrapy.org)
Eight Ball,M.R. Forbes,Length: 7 hrs and 41 mins,Scrapy/2.9.0 (+https://scrapy.org)
The Inmate,Freida McFadden,Length: 8 hrs and 5 mins,Scrapy/2.9.0 (+https://scrapy.org)
The Magicians,Lev Grossman,Length: 17 hrs and 24 mins,Scrapy/2.9.0 (+https://scrapy.org)
Oryx and Crake,Margaret Atwood,Length: 10 hrs and 30 mins,Scrapy/2.9.0 (+https://scrapy.org)
The Scottish Ladies' Detective Agency,Lydia Travers,Length: 9 hrs and 37 mins,Scrapy/2.9.0 (+https://scrapy.org)
Meg: A Novel of Deep Terror with Meg: Origins,Steve Alten,Length: 10 hrs and 32 mins,Scrapy/2.9.0 (+https://scrapy.org)
The 5 Second Rule,Mel Robbins,Length: 7 hrs and 35 mins,Scrapy/2.9.0 (+https://scrapy.org)
Ready Player One,Ernest Cline,Length: 15 hrs and 40 mins,Scrapy/2.9.0 (+https://scrapy.org)
Building a StoryBrand,Donald Miller,Length: 4 hrs and 56 mins,Scrapy/2.9.0 (+https://scrapy.org)
Principles,Ray Dalio,Length: 16 hrs and 5 mins,Scrapy/2.9.0 (+https://scrapy.org)
The Intelligent Investor Rev Ed.,Benjamin Graham,Length: 17 hrs and 48 mins,Scrapy/2.9.0 (+https://scrapy.org)
Ender's Game,Orson Scott Card,Length: 11 hrs and 57 mins,Scrapy/2.9.0 (+https://scrapy.org)
Get Well Soon,Jennifer Wright,Length: 7 hrs and 44 mins,Scrapy/2.9.0 (+https://scrapy.org)
The ONE Thing,"Gary Keller,Jay Papasan",Length: 5 hrs and 28 mins,Scrapy/2.9.0 (+https://scrapy.org)
The Book Thief,Markus Zusak,Length: 13 hrs and 56 mins,Scrapy/2.9.0 (+https://scrapy.org)
The Millionaire Real Estate Agent,"Gary Keller,Dave Jenks,Jay Papasan",Length: 11 hrs and 4 mins,Scrapy/2.9.0 (+https://scrapy.org)
Sell or Be Sold: How to Get Your Way in Business and in Life,Grant Cardone,Length: 11 hrs and 40 mins,Scrapy/2.9.0 (+https://scrapy.org)
The Life-Changing Magic of Tidying Up,Marie Kondo,Length: 4 hrs and 50 mins,Scrapy/2.9.0 (+https://scrapy.org)
The Goldfinch,Donna Tartt,Length: 32 hrs and 24 mins,Scrapy/2.9.0 (+https://scrapy.org)
Fear and Loathing in Las Vegas,Hunter S. Thompson,Length: 6 hrs,Scrapy/2.9.0 (+https://scrapy.org)
Murder on the Night Train to Paris,L.B. Hathaway,Length: 10 hrs and 41 mins,Scrapy/2.9.0 (+https://scrapy.org)
Hello Beautiful,Ann Napolitano,Length: 15 hrs and 6 mins,Scrapy/2.9.0 (+https://scrapy.org)
The Magicians,Lev Grossman,Length: 17 hrs and 24 mins,Scrapy/2.9.0 (+https://scrapy.org)
Oryx and Crake,Margaret Atwood,Length: 10 hrs and 30 mins,Scrapy/2.9.0 (+https://scrapy.org)
The Scottish Ladies' Detective Agency,Lydia Travers,Length: 9 hrs and 37 mins,Scrapy/2.9.0 (+https://scrapy.org)
Meg: A Novel of Deep Terror with Meg: Origins,Steve Alten,Length: 10 hrs and 32 mins,Scrapy/2.9.0 (+https://scrapy.org)
The 5 Second Rule,Mel Robbins,Length: 7 hrs and 35 mins,Scrapy/2.9.0 (+https://scrapy.org)
Ready Player One,Ernest Cline,Length: 15 hrs and 40 mins,Scrapy/2.9.0 (+https://scrapy.org)
Building a StoryBrand,Donald Miller,Length: 4 hrs and 56 mins,Scrapy/2.9.0 (+https://scrapy.org)
Principles,Ray Dalio,Length: 16 hrs and 5 mins,Scrapy/2.9.0 (+https://scrapy.org)
The Intelligent Investor Rev Ed.,Benjamin Graham,Length: 17 hrs and 48 mins,Scrapy/2.9.0 (+https://scrapy.org)
Ender's Game,Orson Scott Card,Length: 11 hrs and 57 mins,Scrapy/2.9.0 (+https://scrapy.org)
Get Well Soon,Jennifer Wright,Length: 7 hrs and 44 mins,Scrapy/2.9.0 (+https://scrapy.org)
The ONE Thing,"Gary Keller,Jay Papasan",Length: 5 hrs and 28 mins,Scrapy/2.9.0 (+https://scrapy.org)
The Book Thief,Markus Zusak,Length: 13 hrs and 56 mins,Scrapy/2.9.0 (+https://scrapy.org)
The Millionaire Real Estate Agent,"Gary Keller,Dave Jenks,Jay Papasan",Length: 11 hrs and 4 mins,Scrapy/2.9.0 (+https://scrapy.org)
Sell or Be Sold: How to Get Your Way in Business and in Life,Grant Cardone,Length: 11 hrs and 40 mins,Scrapy/2.9.0 (+https://scrapy.org)
The Life-Changing Magic of Tidying Up,Marie Kondo,Length: 4 hrs and 50 mins,Scrapy/2.9.0 (+https://scrapy.org)
The Goldfinch,Donna Tartt,Length: 32 hrs and 24 mins,Scrapy/2.9.0 (+https://scrapy.org)
Fear and Loathing in Las Vegas,Hunter S. Thompson,Length: 6 hrs,Scrapy/2.9.0 (+https://scrapy.org)
Murder on the Night Train to Paris,L.B. Hathaway,Length: 10 hrs and 41 mins,Scrapy/2.9.0 (+https://scrapy.org)
Hello Beautiful,Ann Napolitano,Length: 15 hrs and 6 mins,Scrapy/2.9.0 (+https://scrapy.org)
