user,text
@DailyLoud,@DailyLoud
@blockbuster,@blockbuster
@EverythingOOC,@EverythingOOC
@ivantoney24,@ivantoney24
@DailyLoud,@DailyLoud
@modsiwW,@modsiwW
@DiscussingFilm,@DiscussingFilm
@SaeedDiCaprio,@SaeedDiCaprio
@DailyLoud,@DailyLoud
@MoSalah,@MoSalah
@breaking_frames,@breaking_frames
@buitengebieden,@buitengebieden
@PopBase,@PopBase
@prettymonkeyeth,@prettymonkeyeth
@beyoncegarden,@beyoncegarden
@DiscussingFilm,@DiscussingFilm
@hankgreen,@hankgreen
@DontShowYourCat,@DontShowYourCat
@FabrizioRomano,@FabrizioRomano
